Country_Name,Continent,Country_Clasification,Government_Type,Corruption_preception,Development_Status,Land_Conditions,GDP_per_unit_of_energy_use_constant,Population_total,Urban_population_PC_of_total_population
Aruba,America,OECD,Constitutional monarchy,Less corrupt,Developing economies,Sea Access,,103774,43.041
Afghanistan,Asia,NC,Presidential republic,Highly corrupt,Developing economies,Landlocked,,33370794,24.587
Angola,Africa,NC,Presidential republic,Highly corrupt,Developing economies,Sea Access,12.50998069,26941779,62.731
Albania,Europe,NC,Parlamentary republic,Highly corrupt,Transition economies,Sea Access,13.2363361,2889104,56.423
Andorra,Europe,NC,Constitutional monarchy,NI,Developed economies,Landlocked,,79213,88.441
United Arab Emirates,Asia,NC,Constitutional monarchy,Less corrupt,Developing economies,Sea Access,8.221288632,9214175,85.375
Argentina,America,NC,Presidential republic,Highly corrupt,Developing economies,Sea Access,9.327942057,42669500,91.377
Armenia,Asia,NC,Presidential republic,Highly corrupt,Transition economies,Landlocked,7.829626859,2912403,63.112
Antigua and Barbuda,America,NC,Constitutional monarchy,NI,Developing economies,Islands,,92562,25.175
Australia,Oceania,OECD,Constitutional monarchy,Less corrupt,Developed economies,Sea Access,8.182513177,23475686,85.602
Austria,Europe,OECD,Parlamentary republic,Less corrupt,Developed economies,Landlocked,11.75738453,8546356,57.526
Azerbaijan,Asia,NC,Semipresidential republic,Highly corrupt,Transition economies,Landlocked,11.22016738,9535079,54.422
Burundi,Africa,NC,Presidential republic,Highly corrupt,Developing economies,Landlocked,,9844297,11.776
Belgium,Europe,OECD,Constitutional monarchy,Less corrupt,Developed economies,Sea Access,8.803152074,11209057,97.833
Benin,Africa,NC,Presidential republic,Highly corrupt,Developing economies,Sea Access,4.801097938,10286842,45.166
Burkina Faso,Africa,NC,Semipresidential republic,Highly corrupt,Developing economies,Landlocked,,17586017,26.934
Bangladesh,Asia,NC,Parlamentary republic,Highly corrupt,Developing economies,Sea Access,13.37876063,154520167,33.535
Bulgaria,Europe,NC,Parlamentary republic,Highly corrupt,Developing economies,Sea Access,6.588623049,7223938,73.651
Bahrain,Asia,NC,Constitutional monarchy,Highly corrupt,Developing economies,Islands,4.137815339,1336075,88.915
Bahamas,America,NC,Constitutional monarchy,Less corrupt,Developing economies,Sea Access,,370633,82.668
Bosnia and Herzegovina,Europe,NC,Parlamentary republic,Highly corrupt,Developing economies,Sea Access,4.799202951,3482104,46.84
Belarus,Europe,NC,Presidential republic,Highly corrupt,Transition economies,Landlocked,6.123687527,9474511,76.693
Belize,America,NC,Constitutional monarchy,NI,Developing economies,Sea Access,,353366,45.335
Bermuda,America,NC,Presidential republic,NI,Developed economies,Sea Access,,65139,100
Bolivia,America,NC,Presidential republic,Highly corrupt,Developing economies,Landlocked,8.018245733,10706517,68.047
Brazil,America,BRICS,Presidential republic,Highly corrupt,Developing economies,Sea Access,10.35134832,202763735,85.492
Barbados,America,NC,Constitutional monarchy,Less corrupt,Developing economies,Islands,,284825,31.328
Bhutan,Asia,NC,Constitutional monarchy,Less corrupt,Developing economies,Landlocked,,719056,37.918
Botswana,Africa,NC,Parlamentary republic,Less corrupt,Developing economies,Landlocked,12.43640101,2088614,66.368
Central African Republic,Africa,NC,Presidential republic,Highly corrupt,Developing economies,Landlocked,,4464175,39.959
Canada,America,OECD,Constitutional monarchy,Less corrupt,Developed economies,Sea Access,5.463454706,35437435,81.218
Switzerland,Europe,OECD,Parlamentary republic,Less corrupt,Developed economies,Landlocked,18.69908692,8188649,73.696
Chile,America,OECD,Presidential republic,Less corrupt,Developing economies,Sea Access,10.82860679,17758959,87.303
China,Asia,BRICS,Communist state,Less corrupt,Developing economies,Sea Access,5.689148724,1364270000,54.259
Cote d'Ivoire,Africa,NC,Presidential republic,Highly corrupt,Developing economies,Sea Access,4.960244293,22647683,49.014
Cameroon,Africa,NC,Presidential republic,Highly corrupt,Developing economies,Sea Access,9.349840713,22681858,53.976
Democratic Republic of Congo,Africa,NC,Presidential republic,Highly corrupt,Developing economies,Sea Access,2.015947343,73767447,42.18
Congo,Africa,NC,Semipresidential republic,Highly corrupt,Developing economies,Sea Access,10.26455682,4736974,65.085
Colombia,America,NC,Presidential republic,Highly corrupt,Developing economies,Sea Access,17.79939332,46969209,79.415
Comoros,Africa,NC,Presidential republic,Highly corrupt,Developing economies,Islands,,759390,28.338
Cape Verde,Africa,NC,Semipresidential republic,Less corrupt,Developing economies,Sea Access,,518269,63.81
Costa Rica,America,NC,Presidential republic,Less corrupt,Developing economies,Sea Access,13.93834003,4795396,75.941
Cuba,America,NC,Communist state,Highly corrupt,Developing economies,Islands,,11306902,76.861
Curacao,America,OECD,Constitutional monarchy,Less corrupt,Developing economies,Sea Access,2.090188434,155909,89.443
Cayman Islands,America,OECD,Constitutional monarchy,Less corrupt,Developing economies,Sea Access,,60848,100
Cyprus,Europe,NC,Presidential republic,Less corrupt,Developing economies,Sea Access,12.72173833,1152285,67.031
Czech Republic,Europe,OECD,Parlamentary republic,Less corrupt,Developing economies,Landlocked,7.437745036,10525347,73.384
Germany,Europe,OECD,Parlamentary republic,Less corrupt,Developed economies,Sea Access,11.50287424,80982500,77.19
Djibouti,Africa,NC,Presidential republic,Highly corrupt,Developing economies,Sea Access,,898696,77.314
Dominica,America,NC,Parlamentary republic,Less corrupt,Developing economies,Islands,,71085,69.28
Denmark,Europe,OECD,Constitutional monarchy,Less corrupt,Developing economies,Sea Access,15.68526713,5643475,87.41
Dominican Republic,America,NC,Presidential republic,Highly corrupt,Developing economies,Islands,17.14871539,10165178,77.67
Algeria,Africa,NC,Presidential republic,Highly corrupt,Developing economies,Sea Access,10.21273579,38923687,70.221
Ecuador,America,NC,Presidential republic,Highly corrupt,Developing economies,Sea Access,12.22558896,15951838,63.261
Eritrea,Africa,NC,Presidential republic,Highly corrupt,Developing economies,Sea Access,,,
Spain,Europe,OECD,Constitutional monarchy,Less corrupt,Developed economies,Sea Access,12.60908102,46480882,79.366
Estonia,Europe,OECD,Parlamentary republic,Less corrupt,Developed economies,Sea Access,5.863951462,1314545,68.269
Ethiopia,Africa,NC,Parlamentary republic,Highly corrupt,Developing economies,Landlocked,2.867321091,98094253,18.998
Finland,Europe,OECD,Parlamentary republic,Less corrupt,Developed economies,Sea Access,6.325252825,5461512,85.175
Fiji,Oceania,NC,Parlamentary republic,NI,Developing economies,Islands,,866453,54.216
France,Europe,OECD,Semipresidential republic,Less corrupt,Developed economies,Sea Access,10.26979926,66316100,79.394
Gabon,Africa,NC,Presidential republic,Highly corrupt,Developing economies,Sea Access,6.163934779,1883800,87.651
United Kingdom,Europe,OECD,Constitutional monarchy,Less corrupt,Developed economies,Islands,13.9344853,64613160,82.365
Georgia,Asia,NC,Semipresidential republic,Less corrupt,Transition economies,Sea Access,7.777176911,3719414,57.067
Ghana,Africa,NC,Presidential republic,Highly corrupt,Developing economies,Sea Access,11.42546471,27224472,53.419
Gibraltar,Europe,OECD,Constitutional monarchy,Less corrupt,Developed economies,Sea Access,,33725,100
Guinea,Africa,NC,Presidential republic,Highly corrupt,Developing economies,Sea Access,,11150977,34.836
Gambia,Africa,NC,Presidential republic,Highly corrupt,Developing economies,Sea Access,,2024042,58.528
Guinea-Bissau,Africa,NC,Semipresidential republic,Highly corrupt,Developing economies,Sea Access,,1692439,41.715
Equatorial Guinea,Africa,NC,Presidential republic,Highly corrupt,Developing economies,Sea Access,,1122276,70.083
Greece,Europe,OECD,Parlamentary republic,Highly corrupt,Developed economies,Sea Access,11.33841256,10892413,77.702
Grenada,America,NC,Constitutional monarchy,Less corrupt,Developing economies,Sea Access,,108902,35.938
Greenland,Europe,NC,Constitutional monarchy,Less corrupt,Developed economies,Sea Access,,56295,85.813
Guatemala,America,NC,Presidential republic,Highly corrupt,Developing economies,Sea Access,8.610370383,15923243,49.634
Guam,Oceania,NC,Presidential republic,Less corrupt,Developing economies,Sea Access,,161016,94.449
Guyana,America,NC,Presidential republic,Highly corrupt,Developing economies,Sea Access,,763380,26.414
Honduras,America,NC,Presidential republic,Highly corrupt,Developing economies,Sea Access,6.960965846,8955589,54.514
Croatia,Europe,NC,Parlamentary republic,Highly corrupt,Developed economies,Sea Access,10.72160493,4238389,55.923
Haiti,America,NC,Semipresidential republic,Highly corrupt,Developing economies,Islands,4.207321395,10549008,51.444
Hungary,Europe,OECD,Parlamentary republic,Highly corrupt,Developed economies,Landlocked,10.4647964,9866468,70.227
Indonesia,Asia,NC,Presidential republic,Highly corrupt,Developing economies,Islands,11.31685123,255129004,52.635
Isle of Man,Europe,OECD,Constitutional monarchy,Less corrupt,Developing economies,Islands,,83488,52.162
India,Asia,BRICS,Parlamentary republic,Highly corrupt,Developing economies,Sea Access,8.448227005,1295604184,32.384
Ireland,Europe,OECD,Parlamentary republic,Less corrupt,Developed economies,Sea Access,17.74102039,4657740,62.34
Iraq,Asia,NC,Parlamentary republic,Highly corrupt,Developing economies,Sea Access,10.49764574,34411951,69.758
Iceland,Europe,OECD,Parlamentary republic,Less corrupt,Developed economies,Islands,2.387508447,327386,93.667
Israel,Asia,OECD,Parlamentary republic,Less corrupt,Developed economies,Sea Access,11.54714367,8215700,92.104
Italy,Europe,OECD,Parlamentary republic,Less corrupt,Developed economies,Sea Access,14.09972569,60789140,69.272
Jamaica,America,NC,Constitutional monarchy,Highly corrupt,Developing economies,Islands,8.209153654,2875136,54.584
Jordan,Asia,NC,Constitutional monarchy,Highly corrupt,Developing economies,Sea Access,9.416143103,8920049,90
Japan,Asia,OECD,Constitutional monarchy,Less corrupt,Developed economies,Islands,10.75766799,127276000,91.304
Kazakhstan,Asia,NC,Presidential republic,Highly corrupt,Transition economies,Landlocked,5.318885454,17288285,57.118
Kenya,Africa,NC,Presidential republic,Highly corrupt,Developing economies,Sea Access,5.362281045,46699981,25.221
Cambodia,Asia,NC,Constitutional monarchy,Highly corrupt,Developing economies,Sea Access,7.4934567,15274503,21.799
Saint Kitts and Nevis,America,NC,Constitutional monarchy,NI,Developing economies,Sea Access,,50774,30.885
South Korea,Asia,OECD,Presidential republic,Less corrupt,Developing economies,Sea Access,6.319520981,50746659,81.707
Kuwait,Asia,NC,Constitutional monarchy,Highly corrupt,Developing economies,Sea Access,7.908224803,3690942,100
Laos,Asia,NC,Communist state,Highly corrupt,Developing economies,Sea Access,,6639756,32.487
Lebanon,Asia,NC,Parlamentary republic,Highly corrupt,Developing economies,Sea Access,10.32005515,6262410,87.947
Liberia,Africa,NC,Presidential republic,Highly corrupt,Developing economies,Sea Access,,4359505,49.397
Libya,Africa,NC,In Transition (provisional government),Highly corrupt,Developing economies,Sea Access,5.68440417,6362037,79.009
Saint Lucia,America,NC,Constitutional monarchy,Less corrupt,Developing economies,Sea Access,,178296,18.482
Liechtenstein,Europe,NC,Constitutional monarchy,NI,Developed economies,Landlocked,,37223,14.313
Sri Lanka,Asia,NC,Semipresidential republic,Highly corrupt,Developing economies,Islands,20.65290911,20778000,18.218
Lesotho,Africa,NC,Constitutional monarchy,Highly corrupt,Developing economies,Landlocked,,2043437,26.502
Lithuania,Europe,OECD,Semipresidential republic,Less corrupt,Developed economies,Sea Access,10.98848099,2932367,67.108
Luxembourg,Europe,OECD,Constitutional monarchy,Less corrupt,Developed economies,Landlocked,13.45980917,556319,89.884
Latvia,Europe,OECD,Parlamentary republic,Less corrupt,Developed economies,Sea Access,10.19910991,1993782,67.952
Morocco,Africa,NC,Constitutional monarchy,NI,Developing economies,Sea Access,12.99052363,34192347,60.256
Monaco,Europe,NC,Constitutional monarchy,Less corrupt,Developing economies,Sea Access,,37322,100
Moldova,Europe,NC,Parlamentary republic,Highly corrupt,Developing economies,Landlocked,6.152179727,3556397,42.496
Madagascar,Africa,NC,Semipresidential republic,Highly corrupt,Developing economies,Islands,,23589887,34.534
Maldives,Asia,NC,Presidential republic,Highly corrupt,Developing economies,Islands,,435015,38.106
Mexico,America,OECD,Presidential republic,Highly corrupt,Developing economies,Sea Access,10.98026028,120355128,78.993
Marshall Islands,Oceania,NC,Parlamentary republic,NI,Developing economies,Sea Access,,57179,75.384
Mali,Africa,NC,Semipresidential republic,Highly corrupt,Developing economies,Landlocked,,16934220,39.196
Malta,Europe,NC,Parlamentary republic,Less corrupt,Developed economies,Islands,17.96704348,434558,94.347
Myanmar,Asia,NC,Parlamentary republic,NI,Developing economies,Sea Access,12.8270944,52280807,29.65
Montenegro,Europe,NC,Parlamentary republic,Highly corrupt,Transition economies,Sea Access,9.619036757,621810,65.471
Mongolia,Asia,NC,Semipresidential republic,Highly corrupt,Developing economies,Landlocked,6.173650167,2940108,68.163
Northern Mariana Islands,Oceania,NC,Presidential republic,Less corrupt,Developing economies,Sea Access,,55305,91.273
Mozambique,Africa,NC,Semipresidential republic,Highly corrupt,Developing economies,Sea Access,2.761574282,26286163,33.878
Mauritania,Africa,NC,Islamic Semipresidential Republic,Highly corrupt,Developing economies,Sea Access,,3930896,50.203
Mauritius,Africa,NC,Parlamentary republic,Less corrupt,Developing economies,Islands,16.42568457,1260934,41.111
Malawi,Africa,NC,Presidential republic,Highly corrupt,Developing economies,Landlocked,,16289540,16.132
Malaysia,Asia,NC,Constitutional monarchy,Less corrupt,Developing economies,Sea Access,8.153090867,29866559,73.577
Namibia,Africa,NC,Semipresidential republic,Less corrupt,Developing economies,Sea Access,12.62763646,2273430,45.826
New Caledonia,Oceania,NC,Semipresidential republic,Less corrupt,Developing economies,Sea Access,,268050,68.931
Niger,Africa,NC,Semipresidential republic,Highly corrupt,Developing economies,Landlocked,6.000358809,19240157,16.219
Nigeria,Africa,NC,Presidential republic,Highly corrupt,Developing economies,Sea Access,7.448079989,176404902,46.982
Nicaragua,America,NC,Presidential republic,Highly corrupt,Developing economies,Sea Access,7.85675329,6142733,57.7
Netherlands,Europe,OECD,Constitutional monarchy,Less corrupt,Developed economies,Sea Access,10.68962114,16865008,89.69
Norway,Europe,OECD,Constitutional monarchy,Less corrupt,Developed economies,Sea Access,11.31739962,5137232,80.692
Nepal,Asia,NC,Parlamentary republic,Highly corrupt,Developing economies,Landlocked,5.490792021,26906926,18.182
New Zealand,Oceania,OECD,Constitutional monarchy,Less corrupt,Developed economies,Islands,7.589666583,4509700,86.281
Oman,Asia,NC,Absolut monarchy,Less corrupt,Developing economies,Sea Access,6.572250711,4027260,80.145
Pakistan,Asia,NC,Islamic Parlamentary Republic,Highly corrupt,Developing economies,Sea Access,9.446325077,195306825,35.819
Panama,America,NC,Presidential republic,Highly corrupt,Developing economies,Sea Access,18.55011492,3901315,66.371
Peru,America,NC,Presidential republic,Highly corrupt,Developing economies,Sea Access,15.04322516,30090359,77.173
Philippines,Asia,NC,Presidential republic,Highly corrupt,Developing economies,Islands,13.82880609,100513138,46.093
Papua New Guinea,Oceania,NC,Constitutional monarchy,Highly corrupt,Developing economies,Islands,,7946731,12.988
Poland,Europe,OECD,Parlamentary republic,Less corrupt,Developed economies,Sea Access,9.846902035,38011735,60.403
Puerto Rico,America,NC,Presidential republic,Less corrupt,Developing economies,Sea Access,,3534874,93.651
Portugal,Europe,OECD,Semipresidential republic,Less corrupt,Developed economies,Sea Access,12.79614618,10401062,62.936
Paraguay,America,NC,Presidential republic,Highly corrupt,Developing economies,Landlocked,13.88203921,6599526,60.474
French Polynesia,Asia,OECD,Semipresidential republic,Less corrupt,Developing economies,Sea Access,,271705,61.633
Qatar,Asia,NC,Absolut monarchy,Less corrupt,Developing economies,Sea Access,6.510921526,2459198,98.868
Romania,Europe,NC,Semipresidential republic,Highly corrupt,Developed economies,Sea Access,12.44100671,19908979,53.9
Rwanda,Africa,NC,Presidential republic,Less corrupt,Developing economies,Landlocked,,11083635,16.967
Saudi Arabia,Asia,NC,Absolut monarchy,Less corrupt,Developing economies,Sea Access,7.201496629,30916994,82.96
Sudan,Africa,NC,Presidential republic,Highly corrupt,Developing economies,Sea Access,10.54606307,37977655,33.689
Senegal,Africa,NC,Semipresidential republic,Highly corrupt,Developing economies,Sea Access,10.39540562,14174731,45.436
Singapore,Asia,NC,Parlamentary republic,Less corrupt,Developing economies,Sea Access,16.00321996,5469724,100
Solomon Islands,Oceania,NC,Constitutional monarchy,Highly corrupt,Developing economies,Islands,,587079,21.896
Sierra Leone,Africa,NC,Presidential republic,Highly corrupt,Developing economies,Sea Access,,7017144,40.432
El Salvador,America,NC,Presidential republic,Highly corrupt,Developing economies,Sea Access,10.60256587,6295128,68.874
San Marino,Europe,NC,Semipresidential republic,NI,Developed economies,Landlocked,,32948,96.559
Somalia,Africa,NC,Presidential republic,Highly corrupt,Developing economies,Sea Access,,13423576,42.679
Serbia,Europe,NC,Parlamentary republic,Highly corrupt,Transition economies,Landlocked,7.542955437,7130576,55.583
South Sudan,Africa,NC,Presidential republic,Highly corrupt,Developing economies,Landlocked,27.39740119,10554883,18.626
Sao Tome and Principe,Africa,NC,Semipresidential republic,Highly corrupt,Developing economies,Sea Access,,195727,69.213
Suriname,America,NC,Parlamentary republic,Highly corrupt,Developing economies,Sea Access,12.15308483,553273,66.089
Slovakia,Europe,OECD,Parlamentary republic,Less corrupt,Developing economies,Sea Access,9.294178435,5418649,54
Slovenia,Europe,OECD,Parlamentary republic,Less corrupt,Developed economies,Sea Access,8.813505024,2061980,53.557
Sweden,Europe,OECD,Constitutional monarchy,Less corrupt,Developed economies,Sea Access,9.013000672,9696110,86.247
Sint Maarten (Dutch part),America,NC,Constitutional monarchy,Less corrupt,Developing economies,Sea Access,,37685,100
Seychelles,Africa,NC,Presidential republic,Less corrupt,Developing economies,Islands,,91359,54.969
Turks and Caicos Islands,America,NC,Constitutional monarchy,NI,Developing economies,Sea Access,,35369,91.851
Chad,Africa,NC,Presidential republic,Highly corrupt,Developing economies,Landlocked,,13663559,22.372
Togo,Africa,NC,Presidential republic,Highly corrupt,Developing economies,Sea Access,3.078012678,7137997,39.579
Thailand,Asia,NC,Constitutional monarchy,Highly corrupt,Developing economies,Sea Access,7.543130095,68438730,46.943
Tajikistan,Asia,NC,Presidential republic,Highly corrupt,Transition economies,Landlocked,7.592265036,8252833,26.655
Trinidad and Tobago,America,NC,Parlamentary republic,Highly corrupt,Developing economies,Islands,2.170096055,1362342,53.413
Tunisia,Africa,NC,Semipresidential republic,Highly corrupt,Developing economies,Sea Access,11.41049954,11063201,67.772
Turkey,Asia,OECD,Presidential republic,Highly corrupt,Developing economies,Sea Access,14.19792318,77231907,73.077
Tanzania,Africa,NC,Presidential republic,Highly corrupt,Developing economies,Sea Access,4.954448773,49959822,30.904
Uganda,Africa,NC,Presidential republic,Highly corrupt,Developing economies,Landlocked,,36912148,21.504
Ukraine,Europe,NC,Semipresidential republic,Highly corrupt,Transition economies,Sea Access,3.354154134,45271947,68.968
Uruguay,America,NC,Presidential republic,Less corrupt,Developing economies,Sea Access,14.38579749,3400434,94.945
United States,America,OECD,Presidential republic,Less corrupt,Developed economies,Sea Access,7.482139348,318386421,81.483
Uzbekistan,Asia,NC,Presidential republic,Highly corrupt,Transition economies,Landlocked,,30757700,50.85
Saint Vincent and the Grenadines,America,NC,Constitutional monarchy,Less corrupt,Developing economies,Sea Access,,108861,50.558
British Virgin Islands,America,OECD,Constitutional monarchy,Less corrupt,Developing economies,Sea Access,,28989,46.216
United States Virgin Islands,America,NC,Presidential republic,Less corrupt,Developing economies,Sea Access,,107884,95.213
Vietnam,Asia,NC,Communist state,Highly corrupt,Developing economies,Sea Access,,91714595,33.115
Kosovo,Europe,NC,Presidential republic,Highly corrupt,Developing economies,Landlocked,7.171862462,1821800,
South Africa,Africa,BRICS,Parlamentary republic,Highly corrupt,Developing economies,Sea Access,4.596045455,54545991,64.312
Zambia,Africa,NC,Presidential republic,Highly corrupt,Developing economies,Landlocked,,15399753,41.382
Zimbabwe,Africa,NC,Presidential republic,Highly corrupt,Developing economies,Landlocked,,13586681,32.504
Brunei,Asia,NC,Absolut monarchy,Less corrupt,Developing economies,Sea Access,8.8144597,409769,76.332
Egypt,Africa,NC,Semipresidential republic,Highly corrupt,Developing economies,Sea Access,12.12388689,90424654,42.839
Faeroe Islands,Europe,NC,Constitutional monarchy,Less corrupt,Developed economies,Sea Access,,47960,41.501
Hong Kong,Asia,NC,Presidential limited democracy,Less corrupt,Developed economies,Sea Access,26.79008592,7229500,100
Iran,Asia,NC,Islamic Presidential Republic,Highly corrupt,Developing economies,Sea Access,5.59757043,77465753,72.83
Kyrgyzstan,Asia,NC,Parlamentary republic,Highly corrupt,Developing economies,Sea Access,4.884525582,5835500,35.635
Macedonia,Europe,NC,Parlamentary republic,Highly corrupt,Transition economies,Sea Access,9.740901155,2077775,57.284
Palestine,Asia,NC,Semipresidential republic,NI,Developing economies,Sea Access,,4173398,75.113
Russia,Asia,BRICS,Semipresidential republic,Highly corrupt,Transition economies,Sea Access,5.197100349,143819666,73.95
Syria,Asia,NC,Semipresidential republic,Highly corrupt,Developing economies,Sea Access,,18715672,51.5
Timor,Asia,NC,Semipresidential republic,Highly corrupt,Developing economies,Sea Access,,1174331,29.133
Venezuela,America,NC,Presidential republic,Highly corrupt,Developing economies,Sea Access,,30045134,88.144
Yemen,Asia,NC,In Transition (provisional government),Highly corrupt,Developing economies,Sea Access,,25823485,34.165
,Oceania,OECD,Presidential republic,Less corrupt,Developing economies,Sea Access,,55791,87.288
,Europe,OECD,Constitutional monarchy,Less corrupt,Developing economies,Sea Access,,164100,30.995
,Africa,NC,Absolut monarchy,NI,Developing economies,Sea Access,,1095021,23.149
,Oceania,NC,Parlamentary republic,NI,Developing economies,Islands,,109391,50.773
,Asia,NC,Dictatorship,Highly corrupt,Developing economies,Sea Access,,25057752,61.098
,Asia,NC,Semipresidential republic,Highly corrupt,Developing economies,Sea Access,,590208,100
,Oceania,NC,Parlamentary republic,NI,Developing economies,Sea Access,,107446,22.399
,Oceania,NC,Parlamentary republic,NI,Developing economies,Islands,,11853,100
,Oceania,NC,Presidential republic,NI,Developing economies,Sea Access,,17626,77.517
,Oceania,NC,Parlamentary republic,NI,Developing economies,Islands,,192221,19.149
,America,NC,Semipresidential republic,Less corrupt,Developing economies,Sea Access,,36015,
,Oceania,NC,Constitutional monarchy,NI,Developing economies,Islands,,101028,23.328
,Asia,NC,Presidential republic,Highly corrupt,Transition economies,Landlocked,2.928865308,5466328,49.921
,Oceania,NC,Constitutional monarchy,Highly corrupt,Developing economies,Islands,,10972,58.786
,Oceania,NC,Parlamentary republic,Highly corrupt,Developing economies,Islands,,263888,24.861
,,,,,,,,,
,,,,,,,,,
,,,,,,,,,
,,,,,,,,,
,,,,,,,,,
,,,,,,,,,
,,,,,,,,,
,,,,,,,,,
,,,,,,,,,
,,,,,,,,,
,,,,,,,,,
,,,,,,,,,
,,,,,,,,,
,,,,,,,,,
,,,,,,,,,
,,,,,,,,,
,,,,,,,,,
,,,,,,,,,
,,,,,,,,,
,,,,,,,,,
,,,,,,,,,
,,,,,,,,,
,,,,,,,,,
,,,,,,,,,
,,,,,,,,,
,,,,,,,,,
,,,,,,,,,
,,,,,,,,,
,,,,,,,,,
,,,,,,,,,
,,,,,,,,,
,,,,,,,,,
,,,,,,,,,
,,,,,,,,,
,,,,,,,,,
,,,,,,,,,
,,,,,,,,,
,,,,,,,,,
,,,,,,,,,
,,,,,,,,,
,,,,,,,,,
,,,,,,,,,
,,,,,,,,,
,,,,,,,,,
,,,,,,,,,
,,,,,,,,,
,,,,,,,,,
,,,,,,,,,
,,,,,,,,,
,,,,,,,,,
,,,,,,,,,
,,,,,,,,,
,,,,,,,,,
,,,,,,,,,
,,,,,,,,,
,,,,,,,,,
,,,,,,,,,
,,,,,,,,,
,,,,,,,,,
,,,,,,,,,
,,,,,,,,,
,,,,,,,,,
,,,,,,,,,
,,,,,,,,,
,,,,,,,,,
,,,,,,,,,
,,,,,,,,,
,,,,,,,,,
,,,,,,,,,
,,,,,,,,,
,,,,,,,,,
,,,,,,,,,
,,,,,,,,,
,,,,,,,,,
,,,,,,,,,
,,,,,,,,,
,,,,,,,,,
,,,,,,,,,
,,,,,,,,,
,,,,,,,,,
,,,,,,,,,
,,,,,,,,,
,,,,,,,,,
,,,,,,,,,
,,,,,,,,,
,,,,,,,,,
,,,,,,,,,
,,,,,,,,,
,,,,,,,,,
,,,,,,,,,
,,,,,,,,,
,,,,,,,,,
,,,,,,,,,
,,,,,,,,,
,,,,,,,,,
,,,,,,,,,
,,,,,,,,,
,,,,,,,,,
,,,,,,,,,
,,,,,,,,,
,,,,,,,,,
,,,,,,,,,
,,,,,,,,,
,,,,,,,,,
,,,,,,,,,
,,,,,,,,,
,,,,,,,,,
,,,,,,,,,
,,,,,,,,,
,,,,,,,,,
,,,,,,,,,
,,,,,,,,,
,,,,,,,,,
,,,,,,,,,
,,,,,,,,,
,,,,,,,,,
,,,,,,,,,
,,,,,,,,,
,,,,,,,,,
,,,,,,,,,
,,,,,,,,,
,,,,,,,,,
,,,,,,,,,
,,,,,,,,,
,,,,,,,,,
,,,,,,,,,
,,,,,,,,,
,,,,,,,,,
,,,,,,,,,
,,,,,,,,,
,,,,,,,,,
,,,,,,,,,
,,,,,,,,,
,,,,,,,,,
,,,,,,,,,
,,,,,,,,,
,,,,,,,,,
,,,,,,,,,
,,,,,,,,,
,,,,,,,,,
,,,,,,,,,
,,,,,,,,,
,,,,,,,,,
,,,,,,,,,
,,,,,,,,,
,,,,,,,,,
,,,,,,,,,
,,,,,,,,,
,,,,,,,,,
,,,,,,,,,
,,,,,,,,,
,,,,,,,,,
,,,,,,,,,
,,,,,,,,,
,,,,,,,,,
,,,,,,,,,
,,,,,,,,,
,,,,,,,,,
,,,,,,,,,
,,,,,,,,,
,,,,,,,,,
,,,,,,,,,
,,,,,,,,,
,,,,,,,,,
,,,,,,,,,
,,,,,,,,,
,,,,,,,,,
,,,,,,,,,
,,,,,,,,,
,,,,,,,,,
,,,,,,,,,
,,,,,,,,,
,,,,,,,,,
,,,,,,,,,
,,,,,,,,,
,,,,,,,,,
,,,,,,,,,
,,,,,,,,,
,,,,,,,,,
,,,,,,,,,
,,,,,,,,,
,,,,,,,,,
,,,,,,,,,
,,,,,,,,,
,,,,,,,,,
,,,,,,,,,
,,,,,,,,,
,,,,,,,,,
,,,,,,,,,
,,,,,,,,,
,,,,,,,,,
,,,,,,,,,
,,,,,,,,,
,,,,,,,,,
,,,,,,,,,
,,,,,,,,,
,,,,,,,,,
,,,,,,,,,
,,,,,,,,,
,,,,,,,,,
,,,,,,,,,
,,,,,,,,,
,,,,,,,,,
,,,,,,,,,
,,,,,,,,,
,,,,,,,,,
,,,,,,,,,
,,,,,,,,,
,,,,,,,,,
,,,,,,,,,
,,,,,,,,,
,,,,,,,,,
,,,,,,,,,
,,,,,,,,,
,,,,,,,,,
,,,,,,,,,
,,,,,,,,,
,,,,,,,,,
,,,,,,,,,
,,,,,,,,,
,,,,,,,,,
,,,,,,,,,
,,,,,,,,,
,,,,,,,,,
,,,,,,,,,
,,,,,,,,,
,,,,,,,,,
,,,,,,,,,
,,,,,,,,,
,,,,,,,,,
,,,,,,,,,
,,,,,,,,,
,,,,,,,,,
,,,,,,,,,
,,,,,,,,,
,,,,,,,,,
,,,,,,,,,
,,,,,,,,,
,,,,,,,,,
,,,,,,,,,
,,,,,,,,,
,,,,,,,,,
,,,,,,,,,
,,,,,,,,,
,,,,,,,,,
,,,,,,,,,
,,,,,,,,,
,,,,,,,,,
,,,,,,,,,
,,,,,,,,,
,,,,,,,,,
,,,,,,,,,
,,,,,,,,,
,,,,,,,,,
,,,,,,,,,
,,,,,,,,,
,,,,,,,,,
,,,,,,,,,
,,,,,,,,,
,,,,,,,,,
,,,,,,,,,
,,,,,,,,,
,,,,,,,,,
,,,,,,,,,
,,,,,,,,,
,,,,,,,,,
,,,,,,,,,
,,,,,,,,,
,,,,,,,,,
,,,,,,,,,
,,,,,,,,,
,,,,,,,,,
,,,,,,,,,
,,,,,,,,,
,,,,,,,,,
,,,,,,,,,
,,,,,,,,,
,,,,,,,,,
,,,,,,,,,
,,,,,,,,,
,,,,,,,,,
,,,,,,,,,
,,,,,,,,,
,,,,,,,,,
,,,,,,,,,
,,,,,,,,,
,,,,,,,,,
,,,,,,,,,
,,,,,,,,,
,,,,,,,,,
,,,,,,,,,
,,,,,,,,,
,,,,,,,,,
,,,,,,,,,
,,,,,,,,,
,,,,,,,,,
,,,,,,,,,
,,,,,,,,,
,,,,,,,,,
,,,,,,,,,
,,,,,,,,,
,,,,,,,,,
,,,,,,,,,
,,,,,,,,,
,,,,,,,,,
,,,,,,,,,
,,,,,,,,,
,,,,,,,,,
,,,,,,,,,
,,,,,,,,,
,,,,,,,,,
,,,,,,,,,
,,,,,,,,,
,,,,,,,,,
,,,,,,,,,
,,,,,,,,,
,,,,,,,,,
,,,,,,,,,
,,,,,,,,,
,,,,,,,,,
,,,,,,,,,
,,,,,,,,,
,,,,,,,,,
,,,,,,,,,
,,,,,,,,,
,,,,,,,,,
,,,,,,,,,
,,,,,,,,,
,,,,,,,,,
,,,,,,,,,
,,,,,,,,,
,,,,,,,,,
,,,,,,,,,
,,,,,,,,,
,,,,,,,,,
,,,,,,,,,
,,,,,,,,,
,,,,,,,,,
,,,,,,,,,
,,,,,,,,,
,,,,,,,,,
,,,,,,,,,
,,,,,,,,,
,,,,,,,,,
,,,,,,,,,
,,,,,,,,,
,,,,,,,,,
,,,,,,,,,
,,,,,,,,,
,,,,,,,,,
,,,,,,,,,
,,,,,,,,,
,,,,,,,,,
,,,,,,,,,
,,,,,,,,,
,,,,,,,,,
,,,,,,,,,
,,,,,,,,,
,,,,,,,,,
,,,,,,,,,
,,,,,,,,,
,,,,,,,,,
,,,,,,,,,
,,,,,,,,,
,,,,,,,,,
,,,,,,,,,
,,,,,,,,,
,,,,,,,,,
,,,,,,,,,
,,,,,,,,,
,,,,,,,,,
,,,,,,,,,
,,,,,,,,,
,,,,,,,,,
,,,,,,,,,
,,,,,,,,,
,,,,,,,,,
,,,,,,,,,
,,,,,,,,,
,,,,,,,,,
,,,,,,,,,
,,,,,,,,,
,,,,,,,,,
,,,,,,,,,
,,,,,,,,,
,,,,,,,,,
,,,,,,,,,
,,,,,,,,,
,,,,,,,,,
,,,,,,,,,
,,,,,,,,,
,,,,,,,,,
,,,,,,,,,
,,,,,,,,,
,,,,,,,,,
,,,,,,,,,
,,,,,,,,,
,,,,,,,,,
,,,,,,,,,
,,,,,,,,,
,,,,,,,,,
,,,,,,,,,
,,,,,,,,,
,,,,,,,,,
,,,,,,,,,
,,,,,,,,,
,,,,,,,,,
,,,,,,,,,
,,,,,,,,,
,,,,,,,,,
,,,,,,,,,
,,,,,,,,,
,,,,,,,,,
,,,,,,,,,
,,,,,,,,,
,,,,,,,,,
,,,,,,,,,
,,,,,,,,,
,,,,,,,,,
,,,,,,,,,
,,,,,,,,,
,,,,,,,,,
,,,,,,,,,
,,,,,,,,,
,,,,,,,,,
,,,,,,,,,
,,,,,,,,,
,,,,,,,,,
,,,,,,,,,
,,,,,,,,,
,,,,,,,,,
,,,,,,,,,
,,,,,,,,,
,,,,,,,,,
,,,,,,,,,
,,,,,,,,,
,,,,,,,,,
,,,,,,,,,
,,,,,,,,,
,,,,,,,,,
,,,,,,,,,
,,,,,,,,,
,,,,,,,,,
,,,,,,,,,
,,,,,,,,,
,,,,,,,,,
,,,,,,,,,
,,,,,,,,,
,,,,,,,,,
,,,,,,,,,
,,,,,,,,,
,,,,,,,,,
,,,,,,,,,
,,,,,,,,,
,,,,,,,,,
,,,,,,,,,
,,,,,,,,,
,,,,,,,,,
,,,,,,,,,
,,,,,,,,,
,,,,,,,,,
,,,,,,,,,
,,,,,,,,,
,,,,,,,,,
,,,,,,,,,
,,,,,,,,,
,,,,,,,,,
,,,,,,,,,
,,,,,,,,,
,,,,,,,,,
,,,,,,,,,
,,,,,,,,,
,,,,,,,,,
,,,,,,,,,
,,,,,,,,,
,,,,,,,,,
,,,,,,,,,
,,,,,,,,,
,,,,,,,,,
,,,,,,,,,
,,,,,,,,,
,,,,,,,,,
,,,,,,,,,
,,,,,,,,,
,,,,,,,,,
,,,,,,,,,
,,,,,,,,,
,,,,,,,,,
,,,,,,,,,
,,,,,,,,,
,,,,,,,,,
,,,,,,,,,
,,,,,,,,,
,,,,,,,,,
,,,,,,,,,
,,,,,,,,,
,,,,,,,,,
,,,,,,,,,
,,,,,,,,,
,,,,,,,,,
,,,,,,,,,
,,,,,,,,,
,,,,,,,,,
,,,,,,,,,
,,,,,,,,,
,,,,,,,,,
,,,,,,,,,
,,,,,,,,,
,,,,,,,,,
,,,,,,,,,
,,,,,,,,,
,,,,,,,,,
,,,,,,,,,
,,,,,,,,,
,,,,,,,,,
,,,,,,,,,
,,,,,,,,,
,,,,,,,,,
,,,,,,,,,
,,,,,,,,,
,,,,,,,,,
,,,,,,,,,
,,,,,,,,,
,,,,,,,,,
,,,,,,,,,
,,,,,,,,,
,,,,,,,,,
,,,,,,,,,
,,,,,,,,,
,,,,,,,,,
,,,,,,,,,
,,,,,,,,,
,,,,,,,,,
,,,,,,,,,
,,,,,,,,,
,,,,,,,,,
,,,,,,,,,
,,,,,,,,,
,,,,,,,,,
,,,,,,,,,
,,,,,,,,,
,,,,,,,,,
,,,,,,,,,
,,,,,,,,,
,,,,,,,,,
,,,,,,,,,
,,,,,,,,,
,,,,,,,,,
,,,,,,,,,
,,,,,,,,,
,,,,,,,,,
,,,,,,,,,
,,,,,,,,,
,,,,,,,,,
,,,,,,,,,
,,,,,,,,,
,,,,,,,,,
,,,,,,,,,
,,,,,,,,,
,,,,,,,,,
,,,,,,,,,
,,,,,,,,,
,,,,,,,,,
,,,,,,,,,
,,,,,,,,,
,,,,,,,,,
,,,,,,,,,
,,,,,,,,,
,,,,,,,,,
,,,,,,,,,
,,,,,,,,,
,,,,,,,,,
,,,,,,,,,
,,,,,,,,,
,,,,,,,,,
,,,,,,,,,
,,,,,,,,,
,,,,,,,,,
,,,,,,,,,
,,,,,,,,,
,,,,,,,,,
,,,,,,,,,
,,,,,,,,,
,,,,,,,,,
,,,,,,,,,
,,,,,,,,,
,,,,,,,,,
,,,,,,,,,
,,,,,,,,,
,,,,,,,,,
,,,,,,,,,
,,,,,,,,,
,,,,,,,,,
,,,,,,,,,
,,,,,,,,,
,,,,,,,,,
,,,,,,,,,
,,,,,,,,,
,,,,,,,,,
,,,,,,,,,
,,,,,,,,,
,,,,,,,,,
,,,,,,,,,
,,,,,,,,,
,,,,,,,,,
,,,,,,,,,
,,,,,,,,,
,,,,,,,,,
,,,,,,,,,
,,,,,,,,,
,,,,,,,,,
,,,,,,,,,
,,,,,,,,,
,,,,,,,,,
,,,,,,,,,
,,,,,,,,,
,,,,,,,,,
,,,,,,,,,
,,,,,,,,,
,,,,,,,,,
,,,,,,,,,
,,,,,,,,,
,,,,,,,,,
,,,,,,,,,
,,,,,,,,,
,,,,,,,,,
,,,,,,,,,
,,,,,,,,,
,,,,,,,,,
,,,,,,,,,
,,,,,,,,,
,,,,,,,,,
,,,,,,,,,
,,,,,,,,,
,,,,,,,,,
,,,,,,,,,
,,,,,,,,,
,,,,,,,,,
,,,,,,,,,
,,,,,,,,,
,,,,,,,,,
,,,,,,,,,
,,,,,,,,,
,,,,,,,,,
,,,,,,,,,
,,,,,,,,,
,,,,,,,,,
,,,,,,,,,
,,,,,,,,,
,,,,,,,,,
,,,,,,,,,
,,,,,,,,,
,,,,,,,,,
,,,,,,,,,
,,,,,,,,,
,,,,,,,,,
,,,,,,,,,
,,,,,,,,,
,,,,,,,,,
,,,,,,,,,
,,,,,,,,,
,,,,,,,,,
,,,,,,,,,
,,,,,,,,,
,,,,,,,,,
,,,,,,,,,
,,,,,,,,,
,,,,,,,,,
,,,,,,,,,
,,,,,,,,,
,,,,,,,,,
,,,,,,,,,
,,,,,,,,,
,,,,,,,,,
,,,,,,,,,
,,,,,,,,,
,,,,,,,,,
,,,,,,,,,
,,,,,,,,,
,,,,,,,,,
,,,,,,,,,
,,,,,,,,,
,,,,,,,,,
,,,,,,,,,
,,,,,,,,,
,,,,,,,,,
,,,,,,,,,
,,,,,,,,,
,,,,,,,,,
,,,,,,,,,
,,,,,,,,,
,,,,,,,,,
,,,,,,,,,
,,,,,,,,,
,,,,,,,,,
,,,,,,,,,
,,,,,,,,,
,,,,,,,,,
,,,,,,,,,
,,,,,,,,,
,,,,,,,,,
,,,,,,,,,
,,,,,,,,,
,,,,,,,,,
,,,,,,,,,
,,,,,,,,,
,,,,,,,,,
,,,,,,,,,
,,,,,,,,,
,,,,,,,,,
,,,,,,,,,
,,,,,,,,,
,,,,,,,,,
,,,,,,,,,
,,,,,,,,,
,,,,,,,,,
,,,,,,,,,
,,,,,,,,,
,,,,,,,,,
,,,,,,,,,
,,,,,,,,,
,,,,,,,,,
,,,,,,,,,
,,,,,,,,,
,,,,,,,,,
,,,,,,,,,
,,,,,,,,,
,,,,,,,,,
,,,,,,,,,
,,,,,,,,,
,,,,,,,,,
,,,,,,,,,
,,,,,,,,,
,,,,,,,,,
,,,,,,,,,
,,,,,,,,,
,,,,,,,,,
,,,,,,,,,
,,,,,,,,,
,,,,,,,,,
,,,,,,,,,
,,,,,,,,,
,,,,,,,,,
,,,,,,,,,
,,,,,,,,,
,,,,,,,,,
,,,,,,,,,
,,,,,,,,,
,,,,,,,,,
,,,,,,,,,
,,,,,,,,,
,,,,,,,,,
,,,,,,,,,
,,,,,,,,,
,,,,,,,,,
,,,,,,,,,
,,,,,,,,,
,,,,,,,,,
,,,,,,,,,
,,,,,,,,,
,,,,,,,,,
,,,,,,,,,
,,,,,,,,,
,,,,,,,,,
,,,,,,,,,
,,,,,,,,,
,,,,,,,,,
,,,,,,,,,
,,,,,,,,,
,,,,,,,,,
,,,,,,,,,
,,,,,,,,,
,,,,,,,,,
,,,,,,,,,
,,,,,,,,,
,,,,,,,,,
,,,,,,,,,
,,,,,,,,,
,,,,,,,,,
,,,,,,,,,
,,,,,,,,,
,,,,,,,,,